Name,Title,URL,comment
The Weeknd,"The Weeknd, Anitta - The Making of 'SÃ£o Paulo' | Vevo Footnotes",https://www.youtube.com/watch?v=PUZBEpPffV4,"Not knowing Anitta before this song, I was surprised to learn that she was the woman in the music video! She&#39;s insanely attractive, I thought for sure that they had hired a professional model. She&#39;s quite a talented artist!"
The Weeknd,"The Weeknd, Anitta - The Making of 'SÃ£o Paulo' | Vevo Footnotes",https://www.youtube.com/watch?v=PUZBEpPffV4,Music Video:ğŸ’€ğŸ’€<br>Lyrics:ğŸ’¥ğŸ’¥ğŸ’¥ğŸ’¥
The Weeknd,"The Weeknd, Anitta - The Making of 'SÃ£o Paulo' | Vevo Footnotes",https://www.youtube.com/watch?v=PUZBEpPffV4,The amount of people who missed the fact that the idea of the stomach was â€œrebirthâ€ and thought Abel was just weird ğŸ¤¦ğŸ½â€â™‚ï¸
The Weeknd,"The Weeknd, Anitta - The Making of 'SÃ£o Paulo' | Vevo Footnotes",https://www.youtube.com/watch?v=PUZBEpPffV4,"How can I stop listening to this song? I can&#39;t stop. BOTA NA BOCA, BOTA NA CARA"
The Weeknd,"The Weeknd, Anitta - The Making of 'SÃ£o Paulo' | Vevo Footnotes",https://www.youtube.com/watch?v=PUZBEpPffV4,"still scared of the mv but i j know it has a deep deep meaning, and the song is just fire(got no words)"
The Weeknd,"The Weeknd, Anitta - The Making of 'SÃ£o Paulo' | Vevo Footnotes",https://www.youtube.com/watch?v=PUZBEpPffV4,Anitta Voice: ğŸ˜‡ <br>Anitta Lyrics: ğŸ’€
The Weeknd,"The Weeknd, Anitta - The Making of 'SÃ£o Paulo' | Vevo Footnotes",https://www.youtube.com/watch?v=PUZBEpPffV4,"Brazil in worldâ€¦ Anitta x The weeknd, The biggests. â™¥ï¸"
The Weeknd,"The Weeknd, Anitta - The Making of 'SÃ£o Paulo' | Vevo Footnotes",https://www.youtube.com/watch?v=PUZBEpPffV4,ABEL is completely in loving with ANITTA because he is promoting each detail of song with her!â¤ğŸ˜®
The Weeknd,"The Weeknd, Anitta - The Making of 'SÃ£o Paulo' | Vevo Footnotes",https://www.youtube.com/watch?v=PUZBEpPffV4,Still waiting for the ACTUAL music video for this masterpiece
The Weeknd,"The Weeknd, Anitta - The Making of 'SÃ£o Paulo' | Vevo Footnotes",https://www.youtube.com/watch?v=PUZBEpPffV4,Every time someone likes this comment I&#39;ll watch it again â¤
MrBeast,"I Helped 2,000 People Walk Again",https://www.youtube.com/watch?v=SM66GDRyIVY,"I appreciate all of you so much, thank you for helping do good in the world â¤"
MrBeast,"I Helped 2,000 People Walk Again",https://www.youtube.com/watch?v=SM66GDRyIVY,Helping and changing these many lives is inspiring !!
MrBeast,"I Helped 2,000 People Walk Again",https://www.youtube.com/watch?v=SM66GDRyIVY,"you are the best helper ever. helping 2,000 people is a world record."
MrBeast,"I Helped 2,000 People Walk Again",https://www.youtube.com/watch?v=SM66GDRyIVY,wow i am lost for words!  what an amazing thing to do for all these people. giving them their independence back. such a lovely thing to see
MrBeast,"I Helped 2,000 People Walk Again",https://www.youtube.com/watch?v=SM66GDRyIVY,This is beautiful and inspiring. Thank you.
MrBeast,"I Helped 2,000 People Walk Again",https://www.youtube.com/watch?v=SM66GDRyIVY,So inspiring<br> I canâ€™t even imagine how great those people felt after you helped them!
MrBeast,"I Helped 2,000 People Walk Again",https://www.youtube.com/watch?v=SM66GDRyIVY,The definition of wealth is held by the right person
MrBeast,"I Helped 2,000 People Walk Again",https://www.youtube.com/watch?v=SM66GDRyIVY,thank you so much for helping a bolivian woman. THANK YOU THANK YOU THANK YOU. You definetely inspire me to help.
MrBeast,"I Helped 2,000 People Walk Again",https://www.youtube.com/watch?v=SM66GDRyIVY,"If humans could organically practice these selfless acts, we would evolve as a species. You are true blessing brother! Thank you for all you do."
MrBeast,"I Helped 2,000 People Walk Again",https://www.youtube.com/watch?v=SM66GDRyIVY,"Thank you for trying to make this world better<a href=""UCkszU2WH9gy1mb0dV-11UJg/7cIfY5niDOmSkNAP08CA6A4""></a>"
Jake Paul,"The $6,000,000 Fight Night.",https://www.youtube.com/watch?v=oh66oOCSHw4,"Hey jake, im turning 61 in a month. I have been disabled for the last 2 years but I have a lot of experience in gardening. Wanna fight?"
Jake Paul,"The $6,000,000 Fight Night.",https://www.youtube.com/watch?v=oh66oOCSHw4,I thought this was jake announcing his boxing fight with Joe Biden
Jake Paul,"The $6,000,000 Fight Night.",https://www.youtube.com/watch?v=oh66oOCSHw4,Quarden Token locked at $0.012 easily going to go to $5 by december
Jake Paul,"The $6,000,000 Fight Night.",https://www.youtube.com/watch?v=oh66oOCSHw4,Jake Paul is going to shill Quarden Token hard after this match ğŸ˜‚
Jake Paul,"The $6,000,000 Fight Night.",https://www.youtube.com/watch?v=oh66oOCSHw4,Jake pauls next fights <br><br>Boxing a ghost <br>Boxing a fish <br><br>Boxing a girl
Jake Paul,"The $6,000,000 Fight Night.",https://www.youtube.com/watch?v=oh66oOCSHw4,"Hey Jake, I&#39;m really old and disabled, want to fight? Let&#39;s Go!!! (if the Â£Â£Â£ is right)"
Jake Paul,"The $6,000,000 Fight Night.",https://www.youtube.com/watch?v=oh66oOCSHw4,You should be banned from boxing for life for fixed fight . Along with tyson .
Jake Paul,"The $6,000,000 Fight Night.",https://www.youtube.com/watch?v=oh66oOCSHw4,My 62 year old Grandpa with no professional boxing experience wants to fight!!
Jake Paul,"The $6,000,000 Fight Night.",https://www.youtube.com/watch?v=oh66oOCSHw4,Need to buy more Quarden Token
Jake Paul,"The $6,000,000 Fight Night.",https://www.youtube.com/watch?v=oh66oOCSHw4,Quarden Token will moonshoot after CEX listing..
Cardi B,PUNTERIA ğŸ¹ Shakira featuring ME is OUT NOW!!!,https://www.youtube.com/watch?v=45Qh6UXL79c,"Cardi is so versatile,  open to working with different artists, leaves no crumbs when it comes to her craft &amp; new ventures. Say what u will, but Cardi is THE IT GIRL &amp; will be for a while â¤"
Cardi B,PUNTERIA ğŸ¹ Shakira featuring ME is OUT NOW!!!,https://www.youtube.com/watch?v=45Qh6UXL79c,Her voice sounds so pretty!
Cardi B,PUNTERIA ğŸ¹ Shakira featuring ME is OUT NOW!!!,https://www.youtube.com/watch?v=45Qh6UXL79c,That braided dress is everything
Cardi B,PUNTERIA ğŸ¹ Shakira featuring ME is OUT NOW!!!,https://www.youtube.com/watch?v=45Qh6UXL79c,Beautiful...<br>Love all the different styles
Cardi B,PUNTERIA ğŸ¹ Shakira featuring ME is OUT NOW!!!,https://www.youtube.com/watch?v=45Qh6UXL79c,Obsessed with this song!â¤you and shakira did amazing job!â¤
Cardi B,PUNTERIA ğŸ¹ Shakira featuring ME is OUT NOW!!!,https://www.youtube.com/watch?v=45Qh6UXL79c,Cardi is in her Dominican era ğŸ˜ğŸ˜ğŸ˜
Cardi B,PUNTERIA ğŸ¹ Shakira featuring ME is OUT NOW!!!,https://www.youtube.com/watch?v=45Qh6UXL79c,that dress is bomb!!!! Yesss yall killed it!!
Cardi B,PUNTERIA ğŸ¹ Shakira featuring ME is OUT NOW!!!,https://www.youtube.com/watch?v=45Qh6UXL79c,"And i dare someone say &quot;i wore that dress first&quot; <br>You are original Cardi, and your haters can&#39;t take it. They&#39;ll be alright, you just keep doing what you do ğŸ’¯â¤ï¸"
Cardi B,PUNTERIA ğŸ¹ Shakira featuring ME is OUT NOW!!!,https://www.youtube.com/watch?v=45Qh6UXL79c,Collab we never knew we neededğŸ¤©
Cardi B,PUNTERIA ğŸ¹ Shakira featuring ME is OUT NOW!!!,https://www.youtube.com/watch?v=45Qh6UXL79c,"Omg Cardi, you took it up a whole nother level. I love itğŸ”¥ğŸ”¥ğŸ”¥ğŸ”¥ğŸ”¥ğŸ’ğŸ’ğŸ’ğŸ’ğŸŒºğŸŒºğŸŒºğŸŒº"
Billie Eilish,Billie Eilish - THE GREATEST (Live from Apple Music's Artist of the Year 2024),https://www.youtube.com/watch?v=rATtPCVsDtk,I love how each time she sings live its unique while still being just as special as the original
Billie Eilish,Billie Eilish - THE GREATEST (Live from Apple Music's Artist of the Year 2024),https://www.youtube.com/watch?v=rATtPCVsDtk,Finneas does not get enough recognition. The way heâ€™s able to hit the high pitch notes and focus on playing the guitar at the same time is amazing and takes some serious concentration to not mess up.
Billie Eilish,Billie Eilish - THE GREATEST (Live from Apple Music's Artist of the Year 2024),https://www.youtube.com/watch?v=rATtPCVsDtk,The greatest is more than a feeling.
Billie Eilish,Billie Eilish - THE GREATEST (Live from Apple Music's Artist of the Year 2024),https://www.youtube.com/watch?v=rATtPCVsDtk,Everyone is talking about Billieâ€™s voice and it is amazing but man do you all hear Finneasâ€™ harmonies? Theyâ€™re the greatest!
Billie Eilish,Billie Eilish - THE GREATEST (Live from Apple Music's Artist of the Year 2024),https://www.youtube.com/watch?v=rATtPCVsDtk,"Fact: Billie Eilish vocals isn&#39;t a joke y&#39;all. Her vocals is so always angelic, beautifully, breathtaking, good, healing, lovely, mesmerizing, perfect, soft, soothing, touching and outta this world."
Billie Eilish,Billie Eilish - THE GREATEST (Live from Apple Music's Artist of the Year 2024),https://www.youtube.com/watch?v=rATtPCVsDtk,"I love the way she always introduces her songs, like we don&#39;t know it ğŸ˜‚"
Billie Eilish,Billie Eilish - THE GREATEST (Live from Apple Music's Artist of the Year 2024),https://www.youtube.com/watch?v=rATtPCVsDtk,Guys sheâ€™s FEEDINGG us with interviews and stuffğŸ˜­
Billie Eilish,Billie Eilish - THE GREATEST (Live from Apple Music's Artist of the Year 2024),https://www.youtube.com/watch?v=rATtPCVsDtk,i wouldâ€™ve sobbed if i got to hear this live this way. Finneas adds so much to this song billieâ€™s voice is stunning and beautiful but their harmonizing is unlike anyone else. Two most talented humans alive right now.
Billie Eilish,Billie Eilish - THE GREATEST (Live from Apple Music's Artist of the Year 2024),https://www.youtube.com/watch?v=rATtPCVsDtk,Iâ€™m so deeply in love with her voice
Billie Eilish,Billie Eilish - THE GREATEST (Live from Apple Music's Artist of the Year 2024),https://www.youtube.com/watch?v=rATtPCVsDtk,The voice control is crazy
Drake,THE HEART PART 6 - DRAKE,https://www.youtube.com/watch?v=HJeY-FXidDQ,This beef will be generational ğŸ˜­
Drake,THE HEART PART 6 - DRAKE,https://www.youtube.com/watch?v=HJeY-FXidDQ,J Cole in Switzerland sun gazing and smelling floribunda roses
Drake,THE HEART PART 6 - DRAKE,https://www.youtube.com/watch?v=HJeY-FXidDQ,This whole beef has been the best part of 2024. They gonna make a movie about this ğŸ˜‚
Drake,THE HEART PART 6 - DRAKE,https://www.youtube.com/watch?v=HJeY-FXidDQ,"â€œThis shit was some good exerciseâ€ <br><b>Drake says, before proceeding to make a lawsuit against Kendrickâ€™s music</b>"
Drake,THE HEART PART 6 - DRAKE,https://www.youtube.com/watch?v=HJeY-FXidDQ,Who here after kendrick dropped the heart pt. 6?
Drake,THE HEART PART 6 - DRAKE,https://www.youtube.com/watch?v=HJeY-FXidDQ,THESE RAPPERS GOT REACTORS WORKING OVER TIME
Drake,THE HEART PART 6 - DRAKE,https://www.youtube.com/watch?v=HJeY-FXidDQ,Canâ€™t believe this beef was half a year ago
Drake,THE HEART PART 6 - DRAKE,https://www.youtube.com/watch?v=HJeY-FXidDQ,"Drake: â€œThe ones that you&#39;re gettin&#39; your stories from, they all clownsâ€<br><br>Also Drake: we fed you with information"
Drake,THE HEART PART 6 - DRAKE,https://www.youtube.com/watch?v=HJeY-FXidDQ,"Lawyer I â€” <br>Lawyer I â€”<br>Lawyer ahh, wait a second"
Drake,THE HEART PART 6 - DRAKE,https://www.youtube.com/watch?v=HJeY-FXidDQ,at this point its a whole collab album between Drake and Kendrick ğŸ˜‚
PowerfulJRE,Joe Rogan Experience #2255 - Mark Zuckerberg,https://www.youtube.com/watch?v=7k1ehaE0bdU,"this is what &quot;im sorry, i wanna be on the winning side&quot; looks like"
PowerfulJRE,Joe Rogan Experience #2255 - Mark Zuckerberg,https://www.youtube.com/watch?v=7k1ehaE0bdU,A wolf in sheep&#39;s clothing
PowerfulJRE,Joe Rogan Experience #2255 - Mark Zuckerberg,https://www.youtube.com/watch?v=7k1ehaE0bdU,so we were right the entire time
PowerfulJRE,Joe Rogan Experience #2255 - Mark Zuckerberg,https://www.youtube.com/watch?v=7k1ehaE0bdU,&quot;I&#39;m playing both sides so that i always come out on top!&quot;
PowerfulJRE,Joe Rogan Experience #2255 - Mark Zuckerberg,https://www.youtube.com/watch?v=7k1ehaE0bdU,Shocking he was able to maintain his human form for the duration of the show
PowerfulJRE,Joe Rogan Experience #2255 - Mark Zuckerberg,https://www.youtube.com/watch?v=7k1ehaE0bdU,"Damn, trying his best to stay outta jail"
PowerfulJRE,Joe Rogan Experience #2255 - Mark Zuckerberg,https://www.youtube.com/watch?v=7k1ehaE0bdU,Mark is absolutely scrambling to be on the right side of history now hoping he doesn&#39;t get Nuremberged.
PowerfulJRE,Joe Rogan Experience #2255 - Mark Zuckerberg,https://www.youtube.com/watch?v=7k1ehaE0bdU,"<a href=""https://www.youtube.com/watch?v=7k1ehaE0bdU&amp;t=3211"">53:31</a> - I&#39;ve been following JRE since episode 100, and this moment where Joe casually warns about liars wanting trust, is actually one of the most intense moments I&#39;ve seen in JRE history, and it almost slid under the radar. That direct insinuation right after Mark was lamenting about his social anxiety - that was serious verbal Jiu Jitsu"
PowerfulJRE,Joe Rogan Experience #2255 - Mark Zuckerberg,https://www.youtube.com/watch?v=7k1ehaE0bdU,The hardest back peddling ever recorded
PowerfulJRE,Joe Rogan Experience #2255 - Mark Zuckerberg,https://www.youtube.com/watch?v=7k1ehaE0bdU,Mark in 2024: Did you censor on facebook? &quot;No&quot; <br>Mark in 2025: &quot;We will not censor on facebook anymore&quot;
The Rock,My little girl gave me 3 mins to learn this dance...,https://www.youtube.com/watch?v=c9Rh3uophxE,Heâ€™s making time for his kids. Thatâ€™s whatâ€™s really important.
The Rock,My little girl gave me 3 mins to learn this dance...,https://www.youtube.com/watch?v=c9Rh3uophxE,Just love your dance moves Dwayne love how your daughter says go then she has a little giggleâ¤â¤â¤â¤â¤â¤
The Rock,My little girl gave me 3 mins to learn this dance...,https://www.youtube.com/watch?v=c9Rh3uophxE,Every girl deserves to have such a loving daddy.
The Rock,My little girl gave me 3 mins to learn this dance...,https://www.youtube.com/watch?v=c9Rh3uophxE,"This is why he is known as a champion and a legend, doing what it takes to make one&#39;s family happy"
The Rock,My little girl gave me 3 mins to learn this dance...,https://www.youtube.com/watch?v=c9Rh3uophxE,He is one awesome father and knows how important time like this is to his daughter.
The Rock,My little girl gave me 3 mins to learn this dance...,https://www.youtube.com/watch?v=c9Rh3uophxE,It&#39;s priceless that he is there doing it for &amp; with his daughter! Her saying &quot;GO!&quot; and then her giggle afterwards is adorable &amp; also priceless!! Shows how a real loving father would be for his daughter!! Shows he&#39;s a very loving/caring &amp; devoted father!!
The Rock,My little girl gave me 3 mins to learn this dance...,https://www.youtube.com/watch?v=c9Rh3uophxE,"Bros heading for dance moms, rock edition"
The Rock,My little girl gave me 3 mins to learn this dance...,https://www.youtube.com/watch?v=c9Rh3uophxE,Every girl deserves to have a dad as loving as this. â¤ï¸âœ¨
The Rock,My little girl gave me 3 mins to learn this dance...,https://www.youtube.com/watch?v=c9Rh3uophxE,"Honestly the best Dad always spending he&#39;s free time with he&#39;s kids, thanks DJ for being so awesome ğŸ’ª"
The Rock,My little girl gave me 3 mins to learn this dance...,https://www.youtube.com/watch?v=c9Rh3uophxE,Not bad for 3 mins dad!! Great lifetime memory for her!!
Rihanna,"June 13, 2024",https://www.youtube.com/watch?v=6LnhktxkavM,The look on her face when he was interrupting their walk. I can&#39;t with you Robyn. ğŸ˜‚ğŸ˜‚ğŸ˜‚ğŸ¤£ğŸ¤£ğŸ¤­
Rihanna,"June 13, 2024",https://www.youtube.com/watch?v=6LnhktxkavM,I pray whoever eyes see this comment God gives you the strength to over come every battle you&#39;re facing â¤âœ¨ï¸
Rihanna,"June 13, 2024",https://www.youtube.com/watch?v=6LnhktxkavM,Rihanna you are bad azz! To go from singer to SUCCESSFUL businesswoman and now mom! You are truly powerful and inspiring ğŸ’›
Rihanna,"June 13, 2024",https://www.youtube.com/watch?v=6LnhktxkavM,Rhi-Rhi keep a glass ğŸ· in her hand Lol  Luv her! She is so authentic to me!
Rihanna,"June 13, 2024",https://www.youtube.com/watch?v=6LnhktxkavM,She&#39;s so free to be herself and it&#39;s incredible to watch â¤â¤â¤
Rihanna,"June 13, 2024",https://www.youtube.com/watch?v=6LnhktxkavM,ğŸ«¶ she looks so pretty
Rihanna,"June 13, 2024",https://www.youtube.com/watch?v=6LnhktxkavM,I love to see Melissa and Jen right alongside her. Rihanna is a literal boss! Love it! This song is also very appropriateğŸ˜…â¤
Rihanna,"June 13, 2024",https://www.youtube.com/watch?v=6LnhktxkavM,"THIS ğŸ‘†ğŸ½ is why people love Robyn Rihanna Fenty! She is for the people, she talks to us, she let&#39;s us see HER! And we stan the Mogul YES ğŸ™ŒğŸ¾"
Rihanna,"June 13, 2024",https://www.youtube.com/watch?v=6LnhktxkavM,"She gone always have her girls by her side and a glass in her hand!!! <a href=""http://www.youtube.com/results?search_query=%23lovemesomeher"">#LoveMeSomeHer</a> <a href=""http://www.youtube.com/results?search_query=%23navy"">#Navy</a>"
Rihanna,"June 13, 2024",https://www.youtube.com/watch?v=6LnhktxkavM,I love how much fun she has with her real friends from day one :)
Lady Gaga,In one of my favorite places in the whole world. TOKYO I LOVE YOUğŸ’˜ i love being next to you ğŸ˜˜,https://www.youtube.com/watch?v=Ku1H0ISweKU,Tokyo just got more gorgeous when you arrived. ğŸ”¥ğŸ”¥ğŸ”¥
Lady Gaga,In one of my favorite places in the whole world. TOKYO I LOVE YOUğŸ’˜ i love being next to you ğŸ˜˜,https://www.youtube.com/watch?v=Ku1H0ISweKU,å¾…ã£ã¦ãŸã‚ˆï¼ãŠã‹ãˆã‚ŠGagağŸ‡¯ğŸ‡µâ¤æ„›ã—ã¦ã¾ã™â¤
Lady Gaga,In one of my favorite places in the whole world. TOKYO I LOVE YOUğŸ’˜ i love being next to you ğŸ˜˜,https://www.youtube.com/watch?v=Ku1H0ISweKU,Can we appreciate how good these two sound together? ğŸ™ğŸ«¶ğŸ¤ğŸ™ŒğŸ»ğŸ«³ğŸ¤
Lady Gaga,In one of my favorite places in the whole world. TOKYO I LOVE YOUğŸ’˜ i love being next to you ğŸ˜˜,https://www.youtube.com/watch?v=Ku1H0ISweKU,Love â¤you Lady Gaga.  Have a painless and peaceful day!!!
Lady Gaga,In one of my favorite places in the whole world. TOKYO I LOVE YOUğŸ’˜ i love being next to you ğŸ˜˜,https://www.youtube.com/watch?v=Ku1H0ISweKU,Proud of you Gaga â¤
Lady Gaga,In one of my favorite places in the whole world. TOKYO I LOVE YOUğŸ’˜ i love being next to you ğŸ˜˜,https://www.youtube.com/watch?v=Ku1H0ISweKU,Beautiful day! Beautiful Momma! â¤love you LG!
Lady Gaga,In one of my favorite places in the whole world. TOKYO I LOVE YOUğŸ’˜ i love being next to you ğŸ˜˜,https://www.youtube.com/watch?v=Ku1H0ISweKU,lady gaga is great she has done so much in her life her music career she did it off her own back she got the Wright Person too notice her and look how far she has come in her life she is fantastic and she is having a great time much love from England lady gaga â¤ğŸ‡¬ğŸ‡§ğŸ¤©
Lady Gaga,In one of my favorite places in the whole world. TOKYO I LOVE YOUğŸ’˜ i love being next to you ğŸ˜˜,https://www.youtube.com/watch?v=Ku1H0ISweKU,Lady Gaga â¤â¤<br>From Korea ğŸŒ¹
Lady Gaga,In one of my favorite places in the whole world. TOKYO I LOVE YOUğŸ’˜ i love being next to you ğŸ˜˜,https://www.youtube.com/watch?v=Ku1H0ISweKU,"Super strong  wow,yes and beautiful Tokyo ğŸ–¤ğŸˆâ€â¬›ğŸŒ‹5ï¸âƒ£ğŸ¹ğŸ˜Š"
Lady Gaga,In one of my favorite places in the whole world. TOKYO I LOVE YOUğŸ’˜ i love being next to you ğŸ˜˜,https://www.youtube.com/watch?v=Ku1H0ISweKU,Hermosa saludos desde argentina se me   paso volando el tiempo desde que escucho tu hermosa musica y voz .que sigan tus exitos.
Kai Cenat Live,Kai Cenat Plays Every Game In Roblox!,https://www.youtube.com/watch?v=eGXVqINP0dQ,35 minutes i just knew this was clickbait ğŸ’€
Kai Cenat Live,Kai Cenat Plays Every Game In Roblox!,https://www.youtube.com/watch?v=eGXVqINP0dQ,U know its a good day when Kai posts ona Sunday
Kai Cenat Live,Kai Cenat Plays Every Game In Roblox!,https://www.youtube.com/watch?v=eGXVqINP0dQ,Donâ€™t waste this year
Kai Cenat Live,Kai Cenat Plays Every Game In Roblox!,https://www.youtube.com/watch?v=eGXVqINP0dQ,"Cut my life in pieces is crazyğŸ˜‚ <a href=""https://www.youtube.com/watch?v=eGXVqINP0dQ&amp;t=295"">4:55</a>"
Kai Cenat Live,Kai Cenat Plays Every Game In Roblox!,https://www.youtube.com/watch?v=eGXVqINP0dQ,"<a href=""https://www.youtube.com/watch?v=eGXVqINP0dQ&amp;t=1304"">21:44</a> is stuck in my head ğŸ˜‚ â€œOpen that choppa that blowâ€"
Kai Cenat Live,Kai Cenat Plays Every Game In Roblox!,https://www.youtube.com/watch?v=eGXVqINP0dQ,"<a href=""https://www.youtube.com/watch?v=eGXVqINP0dQ&amp;t=576"">9:36</a>.   that is not DDG ğŸ˜­ğŸ™"
Kai Cenat Live,Kai Cenat Plays Every Game In Roblox!,https://www.youtube.com/watch?v=eGXVqINP0dQ,"<a href=""https://www.youtube.com/watch?v=eGXVqINP0dQ&amp;t=941"">15:41</a> LOL"
Kai Cenat Live,Kai Cenat Plays Every Game In Roblox!,https://www.youtube.com/watch?v=eGXVqINP0dQ,"<a href=""https://www.youtube.com/watch?v=eGXVqINP0dQ&amp;t=1389"">23:09</a> Zombie apocalypseğŸ˜‚"
Kai Cenat Live,Kai Cenat Plays Every Game In Roblox!,https://www.youtube.com/watch?v=eGXVqINP0dQ,"<a href=""https://www.youtube.com/watch?v=eGXVqINP0dQ&amp;t=579"">9:39</a> had me cryinggggğŸ˜‚ğŸ˜‚ğŸ˜‚"
Kai Cenat Live,Kai Cenat Plays Every Game In Roblox!,https://www.youtube.com/watch?v=eGXVqINP0dQ,"<a href=""https://www.youtube.com/watch?v=eGXVqINP0dQ&amp;t=190"">3:10</a> everybody flocking back over to him after pulling up the stream is wildğŸ’€"
Taylor Swift,Anti-Hero (Behind The Scenes with The Ghosts In The Room),https://www.youtube.com/watch?v=P0haCYjysUs,These behind the scenes are so fun. Love that her brother and her lawyer were the ghosts
Taylor Swift,Anti-Hero (Behind The Scenes with The Ghosts In The Room),https://www.youtube.com/watch?v=P0haCYjysUs,&quot;that really slaps&quot; LOLL i love her so much
Taylor Swift,Anti-Hero (Behind The Scenes with The Ghosts In The Room),https://www.youtube.com/watch?v=P0haCYjysUs,"<a href=""https://www.youtube.com/watch?v=P0haCYjysUs&amp;t=53"">0:53</a> â€œIâ€™m going to work on that tooâ€ - just a simple sentence that would make the person being critiqued feel like itâ€™s not just on them. So subtle but just shows she cares about everyoneâ€™s feelings."
Taylor Swift,Anti-Hero (Behind The Scenes with The Ghosts In The Room),https://www.youtube.com/watch?v=P0haCYjysUs,Her gesturing to the ghosts and going â€œuhâ€¦.thatâ€™s my lawyer.  And thatâ€™s my brother.â€ Has me dying
Taylor Swift,Anti-Hero (Behind The Scenes with The Ghosts In The Room),https://www.youtube.com/watch?v=P0haCYjysUs,I totally forgot that these behind the scenes videos were actually shown before the Eras Tour starts at every show. Nice to be able to see them here and be able to properly watch it. :)
Taylor Swift,Anti-Hero (Behind The Scenes with The Ghosts In The Room),https://www.youtube.com/watch?v=P0haCYjysUs,Hearing her scream is wild.
Taylor Swift,Anti-Hero (Behind The Scenes with The Ghosts In The Room),https://www.youtube.com/watch?v=P0haCYjysUs,The switch from guitar carnage to gently placing the guitar down on the floor was brilliantly comedic ğŸ¤£
Taylor Swift,Anti-Hero (Behind The Scenes with The Ghosts In The Room),https://www.youtube.com/watch?v=P0haCYjysUs,I love how she gave us gifts on her own birthday omg this is why we love Taylor
Taylor Swift,Anti-Hero (Behind The Scenes with The Ghosts In The Room),https://www.youtube.com/watch?v=P0haCYjysUs,Its so funny to see her being both the main cast and also the director saying &quot;CUTTT&quot;
Taylor Swift,Anti-Hero (Behind The Scenes with The Ghosts In The Room),https://www.youtube.com/watch?v=P0haCYjysUs,"the way she just screams and casually says, â€œcut!â€ afterwards ğŸ˜­â¤ï¸"
Selena Gomez,Selena Gomez - Mi Camino from â€œEmilia PÃ©rezâ€ (Official Performance Clip),https://www.youtube.com/watch?v=AZfJ1lwv8Zs,Me dio escalofrÃ­o y ganas de llorar... Bonita canciÃ³n
Selena Gomez,Selena Gomez - Mi Camino from â€œEmilia PÃ©rezâ€ (Official Performance Clip),https://www.youtube.com/watch?v=AZfJ1lwv8Zs,Bless you Selena Gomez
Selena Gomez,Selena Gomez - Mi Camino from â€œEmilia PÃ©rezâ€ (Official Performance Clip),https://www.youtube.com/watch?v=AZfJ1lwv8Zs,So proud of you Selena!!! Ame esta canciÃ³n!! â¤
Selena Gomez,Selena Gomez - Mi Camino from â€œEmilia PÃ©rezâ€ (Official Performance Clip),https://www.youtube.com/watch?v=AZfJ1lwv8Zs,Mi Gente Latino ğŸ»ğŸ»ğŸ»ğŸ»ğŸ»
Selena Gomez,Selena Gomez - Mi Camino from â€œEmilia PÃ©rezâ€ (Official Performance Clip),https://www.youtube.com/watch?v=AZfJ1lwv8Zs,The Queen is Back! ğŸ‘‘
Selena Gomez,Selena Gomez - Mi Camino from â€œEmilia PÃ©rezâ€ (Official Performance Clip),https://www.youtube.com/watch?v=AZfJ1lwv8Zs,Wooooww. She is very good. OmgğŸ˜
Selena Gomez,Selena Gomez - Mi Camino from â€œEmilia PÃ©rezâ€ (Official Performance Clip),https://www.youtube.com/watch?v=AZfJ1lwv8Zs,So beautiful melody
Selena Gomez,Selena Gomez - Mi Camino from â€œEmilia PÃ©rezâ€ (Official Performance Clip),https://www.youtube.com/watch?v=AZfJ1lwv8Zs,"Que arte de canciÃ³n,  gracias Emilia Perez por darnos esta versiÃ³n de Selena"
Selena Gomez,Selena Gomez - Mi Camino from â€œEmilia PÃ©rezâ€ (Official Performance Clip),https://www.youtube.com/watch?v=AZfJ1lwv8Zs,"me siento tan tan orgullosa de ti Selena, esto es increÃ­ble por favor nunca dejes de compartir tu arte"
Selena Gomez,Selena Gomez - Mi Camino from â€œEmilia PÃ©rezâ€ (Official Performance Clip),https://www.youtube.com/watch?v=AZfJ1lwv8Zs,can&#39;t wait to finally watch EMILIA PÃ‰REZ in cinemas NOW!
Ariana Grande,Ariana Grande - Santa Tell Me (live version),https://www.youtube.com/watch?v=GwWaFgu8q2w,"best christmas gift, thank you"
Ariana Grande,Ariana Grande - Santa Tell Me (live version),https://www.youtube.com/watch?v=GwWaFgu8q2w,The way she waited to drop this OMGğŸ¥¹ my ears have been blessed!!!
Ariana Grande,Ariana Grande - Santa Tell Me (live version),https://www.youtube.com/watch?v=GwWaFgu8q2w,she really kept this a surprise for so long
Ariana Grande,Ariana Grande - Santa Tell Me (live version),https://www.youtube.com/watch?v=GwWaFgu8q2w,"You can see her integrating new training and vocal techniques, and it&#39;s astonishing how she&#39;s combined her impressive vocal agility with such clarity and diction. She is untouchable at this point."
Ariana Grande,Ariana Grande - Santa Tell Me (live version),https://www.youtube.com/watch?v=GwWaFgu8q2w,her matured vocals + santa tell me = heaven
Ariana Grande,Ariana Grande - Santa Tell Me (live version),https://www.youtube.com/watch?v=GwWaFgu8q2w,OH ARIANA BRINGING THE CHRISTMAS SPIRIT WE LOVE YOU
Ariana Grande,Ariana Grande - Santa Tell Me (live version),https://www.youtube.com/watch?v=GwWaFgu8q2w,SHE KEPT IT SECRET ALL THIS TIME GUYS Iâ€™m cryingggg
Ariana Grande,Ariana Grande - Santa Tell Me (live version),https://www.youtube.com/watch?v=GwWaFgu8q2w,"Just in case no one told you this lately, youâ€™ve done a great job in holding onto yourself through all these difficult times. Iâ€™m proud of you."
Ariana Grande,Ariana Grande - Santa Tell Me (live version),https://www.youtube.com/watch?v=GwWaFgu8q2w,Her vocal clarity after wicked is stunnnnning!!!! Looooooove ğŸ©·ğŸ©·ğŸ©·
Ariana Grande,Ariana Grande - Santa Tell Me (live version),https://www.youtube.com/watch?v=GwWaFgu8q2w,the way she sounds SO much better live is insane
Will Smith,Yâ€™all stream TANTRUM yet??,https://www.youtube.com/watch?v=tomnAiRlp8w,Will said &quot;this the aerosol inside of Arizona&quot;ğŸ˜® oh we talking hot hot ğŸ¥µ best line ğŸ”¥ğŸ”¥ğŸ”¥
Will Smith,Yâ€™all stream TANTRUM yet??,https://www.youtube.com/watch?v=tomnAiRlp8w,ğŸ”¥ğŸ”¥ğŸ”¥ğŸ”¥ğŸ”¥ğŸ”¥ğŸ”¥
Will Smith,Yâ€™all stream TANTRUM yet??,https://www.youtube.com/watch?v=tomnAiRlp8w,So glad you&#39;re back Will!!! â¤â¤â¤
Will Smith,Yâ€™all stream TANTRUM yet??,https://www.youtube.com/watch?v=tomnAiRlp8w,Martin luther had a dream... joyner lucas had a vision i became everything i had beâ¤
Will Smith,Yâ€™all stream TANTRUM yet??,https://www.youtube.com/watch?v=tomnAiRlp8w,Wow ğŸ‘ This is just crazy man ğŸ™Œ ğŸ”¥ğŸ”¥ğŸ”¥
Will Smith,Yâ€™all stream TANTRUM yet??,https://www.youtube.com/watch?v=tomnAiRlp8w,This song is fireeeee I been playing over and over
Will Smith,Yâ€™all stream TANTRUM yet??,https://www.youtube.com/watch?v=tomnAiRlp8w,Yeahhhhh og we are the aerosol out of Arizona letsssss gooooooooo ğŸ”¥ğŸ”¥ğŸ”¥ğŸ”¥ğŸ”¥
Will Smith,Yâ€™all stream TANTRUM yet??,https://www.youtube.com/watch?v=tomnAiRlp8w,Will can&#39;t contain himself these days!!  Waiting this close to Christmas before going ham on us!â¤ğŸ˜‚ğŸ˜‚
Will Smith,Yâ€™all stream TANTRUM yet??,https://www.youtube.com/watch?v=tomnAiRlp8w,WillğŸ‘ğŸ˜
Will Smith,Yâ€™all stream TANTRUM yet??,https://www.youtube.com/watch?v=tomnAiRlp8w,"Yes, I love this song. It was on replay a lot yesterday. Good one!"
Justin Bieber,Drew House TOKYO #shorts,https://www.youtube.com/watch?v=z5AIMF1BjOE,â€œThe voice inside my yaaaaadâ€ - Tom Delonge ğŸ¤˜ğŸ»
Justin Bieber,Drew House TOKYO #shorts,https://www.youtube.com/watch?v=z5AIMF1BjOE,JUSTICE FOR JUSTIN BIEBER ğŸ—£ï¸ğŸ—£ï¸ğŸ—£ï¸ğŸ—£ï¸ğŸ—£ï¸
Justin Bieber,Drew House TOKYO #shorts,https://www.youtube.com/watch?v=z5AIMF1BjOE,Heâ€™s such a nice person ğŸ¥º
Justin Bieber,Drew House TOKYO #shorts,https://www.youtube.com/watch?v=z5AIMF1BjOE,"I see you  justin, you are not alone, you have a family now. i pray for you, you have everything to live for, don&#39;t give up. God has blessed you with a son he needs you. ğŸ™"
Justin Bieber,Drew House TOKYO #shorts,https://www.youtube.com/watch?v=z5AIMF1BjOE,"GOD I MISS HIS 2016 SONGS SO MUCHğŸ«¶ğŸ½ğŸ˜­ğŸ˜­ğŸ˜­ğŸ˜­my cousins and i grew up listening to him. &lt;3<br>Have a good life, Justin. We love you."
Justin Bieber,Drew House TOKYO #shorts,https://www.youtube.com/watch?v=z5AIMF1BjOE,anyone here from the p diddy diddy drama?
Justin Bieber,Drew House TOKYO #shorts,https://www.youtube.com/watch?v=z5AIMF1BjOE,GOD BLESS JUSTIN BIEBER â¤<br>KEEP HIM SAFE IN THIS DARK TIME â¤
Justin Bieber,Drew House TOKYO #shorts,https://www.youtube.com/watch?v=z5AIMF1BjOE,Pi Diddy â˜ ï¸â˜ ï¸â˜ ï¸
Justin Bieber,Drew House TOKYO #shorts,https://www.youtube.com/watch?v=z5AIMF1BjOE,Justin truly is a kind hearted person and deserves everything he gets
Justin Bieber,Drew House TOKYO #shorts,https://www.youtube.com/watch?v=z5AIMF1BjOE,we miss that 2010&#39;s justin
Chris Brown,ğŸ¥°,https://www.youtube.com/watch?v=8FAikSCOoe8,That&#39;s right CB! He&#39;s the GOAT! Nobody messing with him at all! I say that with my whole chest!!!!
Chris Brown,ğŸ¥°,https://www.youtube.com/watch?v=8FAikSCOoe8,"You are loved all over the world, CBâ€¼ï¸ Don&#39;t let the media fool you â¤"
Chris Brown,ğŸ¥°,https://www.youtube.com/watch?v=8FAikSCOoe8,"You can tell you are loved when you have your fans knowing every word to all or most of your songs.  Love CB, you are truly blessed.  Keep shining"
Chris Brown,ğŸ¥°,https://www.youtube.com/watch?v=8FAikSCOoe8,"Fiz parte desse coro, no primeiro show em SÃ£o Paulo! ğŸ‡§ğŸ‡·<br>Minha mÃºsica preferida dele e achei que nÃ£o tocaria. Foi emocionante a plateia cantando! ğŸ‰â¤"
Chris Brown,ğŸ¥°,https://www.youtube.com/watch?v=8FAikSCOoe8,â¤â¤â¤â¤you are loved â™¥ï¸â™¥ï¸â™¥ï¸â™¥ï¸South Africa is your second home donâ€™t ever forget that ğŸ‡¿ğŸ‡¦ğŸ‡¿ğŸ‡¦ğŸ‡¿ğŸ‡¦ğŸ‡¿ğŸ‡¦ğŸ‡¿ğŸ‡¦
Chris Brown,ğŸ¥°,https://www.youtube.com/watch?v=8FAikSCOoe8,This gives me chills to see this many people. Who needs America when we have our home country
Chris Brown,ğŸ¥°,https://www.youtube.com/watch?v=8FAikSCOoe8,Best concert EVER PLS give him his flowers Now Best artist of this generation ğŸ’¯
Chris Brown,ğŸ¥°,https://www.youtube.com/watch?v=8FAikSCOoe8,He works SO hard!â¤
Chris Brown,ğŸ¥°,https://www.youtube.com/watch?v=8FAikSCOoe8,Chris you are amazingâ¤ look at that sea of fans who adore you and your talent. You are truly blessed
Chris Brown,ğŸ¥°,https://www.youtube.com/watch?v=8FAikSCOoe8,So glad to have been part of this amazing crowd that sang along to the beautiful music. Siyabonga Mr Brownâ¤ï¸ğŸ‡¿ğŸ‡¦ğŸ‡¿ğŸ‡¦ğŸ‡¿ğŸ‡¦
Kanye West,BOMB VIDEO OUT NOW,https://www.youtube.com/watch?v=SMXxD5c1ZI0,North be taking them duolingo lessons
Kanye West,BOMB VIDEO OUT NOW,https://www.youtube.com/watch?v=SMXxD5c1ZI0,Yeah nah kanyes definitely still on the nitrous
Kanye West,BOMB VIDEO OUT NOW,https://www.youtube.com/watch?v=SMXxD5c1ZI0,Itâ€™s such a privilege to hear the best musical artist of all time collaborating with smaller artists like Kanye West
Kanye West,BOMB VIDEO OUT NOW,https://www.youtube.com/watch?v=SMXxD5c1ZI0,This is the culmination of thousands of years of scientific advances
Kanye West,BOMB VIDEO OUT NOW,https://www.youtube.com/watch?v=SMXxD5c1ZI0,The fact shes speaking Japanese on a song called bomb is wild
Kanye West,BOMB VIDEO OUT NOW,https://www.youtube.com/watch?v=SMXxD5c1ZI0,This song has got me through tough times. Youâ€™re the bomb Kanye
Kanye West,BOMB VIDEO OUT NOW,https://www.youtube.com/watch?v=SMXxD5c1ZI0,ye the goat for putting yuno miles on
Kanye West,BOMB VIDEO OUT NOW,https://www.youtube.com/watch?v=SMXxD5c1ZI0,This is how you know kanyes losing  braincells ğŸ’€
Kanye West,BOMB VIDEO OUT NOW,https://www.youtube.com/watch?v=SMXxD5c1ZI0,what prompt did bro give to the AI
Kanye West,BOMB VIDEO OUT NOW,https://www.youtube.com/watch?v=SMXxD5c1ZI0,"My grandma died in 375 b.C, this was her favorite songğŸ¥º"
Diddy,The Love Album: Off The Grid Out Now,https://www.youtube.com/watch?v=2dfiFKdOfCI,WE FINALLY GETTING ARRESTED WITH THIS ONE ğŸ”¥ğŸ”¥ğŸ”¥â€¼ï¸â€¼ï¸â€¼ï¸â€¼ï¸ğŸ—£ï¸ğŸ—£ï¸ğŸ—£ï¸ğŸ—£ï¸
Diddy,The Love Album: Off The Grid Out Now,https://www.youtube.com/watch?v=2dfiFKdOfCI,"DIDDY SPITS BARS, HE BEHIND EM NOW  â€¼ï¸â€¼ï¸ ğŸ”¥ğŸ”¥ğŸ”¥ ğŸ—£ï¸ğŸ—£ï¸ğŸ—£ï¸"
Diddy,The Love Album: Off The Grid Out Now,https://www.youtube.com/watch?v=2dfiFKdOfCI,Bro went from P Diddy to P Diddler ğŸ’€ğŸ¤£
Diddy,The Love Album: Off The Grid Out Now,https://www.youtube.com/watch?v=2dfiFKdOfCI,No one: why did you move to LA?<br>Diddy: kids
Diddy,The Love Album: Off The Grid Out Now,https://www.youtube.com/watch?v=2dfiFKdOfCI,It Should Be Called The Grandpa Freak Off Album ğŸ’¿ğŸ’…ğŸ½ğŸ¤£ğŸ¤®ğŸ¤¦ğŸ½â€â™€ï¸
Diddy,The Love Album: Off The Grid Out Now,https://www.youtube.com/watch?v=2dfiFKdOfCI,WE GETTING SENTENCED TO LIFE WITH THIS ONE ğŸ”¥ğŸ”¥ğŸ—£ï¸ğŸ—£ï¸ğŸ’¯ğŸ”¥ğŸ—£ï¸ğŸ’¯ğŸ’¯
Diddy,The Love Album: Off The Grid Out Now,https://www.youtube.com/watch?v=2dfiFKdOfCI,WE NOT BEATING THE ALLEGATIONS WITH THIS ONE ğŸ—£ï¸ğŸ”¥ğŸ—£ï¸ğŸ”¥
Diddy,The Love Album: Off The Grid Out Now,https://www.youtube.com/watch?v=2dfiFKdOfCI,"First Diddy was spitting bars now heâ€™s behind them. Which is why, THEM BARS GOING BACK IN THAT MOUTH! ğŸ—£ï¸ğŸ—£ï¸ğŸ—£ï¸ğŸ—£ï¸ğŸ—£ï¸ğŸ”¥ğŸ”¥ğŸ”¥ğŸ”¥"
Diddy,The Love Album: Off The Grid Out Now,https://www.youtube.com/watch?v=2dfiFKdOfCI,&quot;It aint gonna hurt&quot; Not the first time he said that
Diddy,The Love Album: Off The Grid Out Now,https://www.youtube.com/watch?v=2dfiFKdOfCI,WE GETTING 1000 BOTTLES OF BABY OIL WITH THIS ONEğŸ—£ğŸ—£ğŸ”¥ğŸ”¥ğŸ”¥
CaseyNeistat,DO HARD THINGS,https://www.youtube.com/watch?v=StMltAX0mp0,once in a while he reminds us of why hes the best at this. Editing is just unmatched
CaseyNeistat,DO HARD THINGS,https://www.youtube.com/watch?v=StMltAX0mp0,Casey drawing life advice on construction paper gives me such 2016 daily vlog nostalgia
CaseyNeistat,DO HARD THINGS,https://www.youtube.com/watch?v=StMltAX0mp0,Casey on a Thursday like itâ€™s 2015 ğŸ‘ğŸ½ğŸ‘ğŸ½ hell yeah
CaseyNeistat,DO HARD THINGS,https://www.youtube.com/watch?v=StMltAX0mp0,"3 things that completely turned my life around:<br><br>I stopped procrastinating.<br>I started reading books on Nixorus.<br>I kept my faith strong."
CaseyNeistat,DO HARD THINGS,https://www.youtube.com/watch?v=StMltAX0mp0,Got to admit.. it made me shed a tear at the end with Candiceâ€™s reaction.
CaseyNeistat,DO HARD THINGS,https://www.youtube.com/watch?v=StMltAX0mp0,literally got the CHILLS when the &quot;great things&quot; mirror reflected the hard path. No one will ever beat Caseys creativity for storytelling. Take a bow brother
CaseyNeistat,DO HARD THINGS,https://www.youtube.com/watch?v=StMltAX0mp0,"Roberto is the true hero here, ran over by the shopping cart granny and still finishes at a great time ğŸ˜‚"
CaseyNeistat,DO HARD THINGS,https://www.youtube.com/watch?v=StMltAX0mp0,I turn 70 in a few days Iâ€™ve watched every one of your videos youâ€™ve changed my perspective on day-to-day livingâ€¦.. DO HARD THINGS!! Has been my MOTIVATOR for over 45 yearsâ€¦.. work every day like you could get fired tomorrowâ€¦â€¦ treat people like you wanna be treatedâ€¦( thatâ€™s my tough one)â€¦. Love like you wanna be loved( tougher one)â€¦ and DO THE HARD THINGSâ€¦.Great Videoâ€¦.  THANK YOU/!
CaseyNeistat,DO HARD THINGS,https://www.youtube.com/watch?v=StMltAX0mp0,Seeing Candiceâ€™s reaction just made me fully start crying. YAYYY!!!!!!!!!
CaseyNeistat,DO HARD THINGS,https://www.youtube.com/watch?v=StMltAX0mp0,"Iâ€™ve been following you since 2015, back when I was in high school, watching your videos to improve my English from the other side of the world. Now I&#39;m a grad student in New York, and I had the chance to cheer you on at the marathon! You probably have no idea how much those five seconds when you passed by meant to me. I guess I just wanted to say thank you for all the years of inspiration and huge congrats for achieving your dream!"
